USE `seguimientofzt`;

INSERT INTO `areas` (`id`, `nombre`) VALUES
(1, 'General'),
(2, 'Soporte Técnico'),
(3, 'Área Educativa'),
(4, 'Logística'),
(5,'Conectividad');

INSERT INTO `departamentos` VALUES 
(1,'Chinandega'),
(2,'León'),
(3,'Managua'),
(4,'Managua/Ciudad Sandino'),
(5,'Masaya'),
(6,'Carazo'),
(7,'Granada'),
(8,'Rivas'),
(9,'Rivas/Ometepe'),
(10,'Madríz'),
(11,'Matagalpa'),
(12,'Boaco'),
(13,'Chontales'),
(14,'RAAN'),
(15,'RAAS/El Rama'),
(16,'RAAS/Bluefields'),
(17,'RAAS/Muelle de los Bueyes'),
(18,'RAAS/Corn Island'),
(19,'Managua/El Crucero'),
(20,'Jinotega');

INSERT INTO `escuelas` VALUES 
(1,'Divino Niño Jesús',1),
(2,'El peregrino',1),
(3,'Hogar San José',1),
(4,'Rubén Darí­o',1),
(5,'Rey Juan Carlos I',1),
(6,'Mercedes Vanegas Morales',1),
(7,'Aquespalapa',1),
(8,'Teresita González',1),
(9,'Patricio Arguello Ryan',2),
(10,'John F. Kennedy',2),
(11,'San Martín',2),
(12,'Nueva Jerusalén',2),
(13,'Oscar Danilo Rosales',2),
(14,'Base Enmanuel Mongalo',2),
(15,'Los Maribios',2),
(16,'Asunción de Marí­a',3),
(17,'Chiquilistagua',3),
(18,'San Judas Tadeo',3),
(19,'Anexo Juan Pablo II',3),
(20,'Enmanuel Mongalo',3),
(21,'San Francisco de Asís/CS',3),
(22,'Nandayosi #1',3),
(23,'Santa Clara de Asís',3),
(24,'San Francisco de Asís/SFL',3),
(25,'Hijos de Dios',3),
(26,'Miguel Larreynaga',3),
(27,'Liceo Benito Pititto La Bella',3),
(28,'Corazón de Jesús',3),
(29,'República de Colombia',3),
(30,'Divino Niño Jesús',19),
(31,'Divina Infantita',19),
(32,'Simón Bolivar',19),
(33,'Laura Vicuña',5),
(34,'Laguna de Apoyo',5),
(35,'Salomón de la Selva',5),
(36,'Sagrado Corazón de Jesús',5),
(37,'Enmanuel Mongalo y Rubio',6),
(38,'San Francisco de Así­s',6),
(39,'Rey de Reyes',6),
(40,'La Esperanza',7),
(41,'Diocesano Inmaculada Concepción',7),
(42,'Jose Antonio Ruí­z',8),
(43,'Raul Barrios Torres',8),
(44,'Obrajuelos',8),
(45,'San Martín',8),
(46,'Amelia Cole',8),
(47,'Juana Cerda Noguera',8),
(48,'Los Ángeles',10),
(49,'Enmanuel Mongalo y Rubio',10),
(50,'La Grecia',11),
(51,'Santa Celia',11),
(52,'Buenos Aires',11),
(53,'Juan Pablo II',11),
(54,'La Virgen',11),
(55,'Roberth Shuman',11),
(56,'José Benito Escobar',11),
(57,'San Miguel',12),
(58,'Elaisa Sandoval Vargas',13),
(59,'San Esteban',13),
(60,'Jose Dolores Estrada',13),
(61,'San Pablo',13),
(62,'Fuente de Vida',13),
(63,'Las Alturas',13),
(64,'La Haya',13),
(65,'Hermida Flores Gutiérrez',13),
(66,'San Marcos',13),
(67,'Nueva Jerusalén II',14),
(68,'Nueva Jerusalén I',14),
(69,'Los Amiguitos',14),
(70,'Rubén Darí­o',14),
(71,'Irma Cajina',14),
(72,'Winston Hebert Padilla',14),
(73,'San Judas',14),
(74,'Miguel Obando Martínez',15),
(75,'Anexo Gruta Xavier',4),
(76,'Filadelfia',4),
(77,'Azarías',4),
(78,'Villa Soberana',4),
(79,'Bautista Betania',4),
(80,'Roberto Clemente Fe y Alegrí­a',4),
(81,'Costa Rica',4),
(82,'San Francisco Xavier Fe y Alegría',4),
(83,'Esther Galiardy Spinella',4),
(84,'Luisa Amanda Espinoza',4),
(85,'Divino Salvador',4),
(86,'Hermana Maura Clarke',4),
(87,'Sacramento',9),
(88,'Nuestra Señora de Guadalupe',9),
(89,'Rigoberto Cabezas',9),
(90,'San Jose del Sur',9),
(91,'Israel Ometepe',9),
(92,'NER-Los Angeles Esquipulas',9),
(93,'La Concepción',9),
(94,'Nicarao',9),
(95,'CICRIN',9),
(96,'Bilingüe OMETEPE',9),
(97,'San Ramón',9),
(98,'NER-Merida',9),
(99,'Jose Dolores Estrada',9),
(100,'Andres Castro',9),
(101,'Enmanuel Mongalo',9),
(102,'Las Cuchillas',9),
(103,'NER-Balgue',9),
(104,'Corosal',9),
(105,'Madroñal',9),
(106,'La Esperanza',9),
(107,'Koos Koster',9),
(108,'Las Cruces',9),
(109,'Jorge Bonch',9),
(110,'Santa Teresa',9),
(111,'Anexo Santa Ana',9),
(112,'Los Ramos',9),
(113,'Rafaela Herrera',9),
(114,'La Pilas',9),
(115,'Sintiope',9),
(116,'Pedro Joaquí­n Chamorro',9),
(117,'Rubén Darío',9),
(118,'San Diego',9),
(119,'San Miguel',9),
(120,'San Marcos',9),
(121,'San Juan Bautista',9),
(122,'Bautista',16),
(123,'Nuestra Señora de Guadalupe',16),
(124,'El Verbo',16),
(125,'Virgen del Carmen',16),
(126,'La Escuelita',16),
(127,'Aaron Hodgson',16),
(128,'Madre del Divino Pastor',16),
(129,'Adventista de Bluefields',16),
(130,'San Pedro',16),
(131,'San Mateo',16),
(132,'Rubén Darío',16),
(133,'Santa Teresita',17),
(134,'Rubén Darí­o 1',17),
(135,'El Progreso',17),
(136,'Madre Teresa de Calcuta',17),
(137,'Rigoberto Cabezas',18),
(138,'Heddley Wilson',18),
(139,'Nubia Rigby',18),
(140,'Trinity Bautista',18),
(141,'San Santiago Episcopal',18),
(142,'Olive Brown',18),
(143,'Ebenezer Bautista',18),
(144,'Camilo Doerfler',18),
(145,'Essie Nixon',18),
(146,'La Islita',18),
(147,'El Cielo La Esperanza',11),
(148,'San Agustín',1),
(149,'La Tejera',20),
(150,'Patricio Centeno',20),
(151,'San José de Acoto',19),
(152,'San José de la Cañada',3);

INSERT INTO `oficiales` (`id`, `nombres`, `apellidos`, `id_area`) VALUES 
(1,'Dayton','Calderón',2),
(2,'Jairo','González',2),
(3,'José Alberto','Bosque',2),
(4,'Karen','Martínez',2),
(5,'Kennedy','Simmons',2),
(6,'Linton','Ugarte',2),
(7,'Marlen','Flores',2),
(8,'Roxana','Rodríguez',2),
(9,'Seneyda','Garcí­a',2),
(10,'Anielka','Oviedo',3),
(11,'Bianora','Alvarez',3),
(12,'Claudia','Moreno',3),
(13,'Ezer','Calderón',3),
(14,'Frannia','Araquistain',3),
(15,'Heriberto','Méndez',3),
(16,'Junieth','Bello',3),
(17,'Luz Amanda','Benavides',3),
(18,'Marí­a Magdalena','Hernández',3),
(19,'Juan Otoniel','Saldaña',3),
(20,'Nayiris','Urbina',3),
(21,'Yania','López',3),
(22,'Magda','Aguirre',4),
(23,'José','López',2),
(24,'Luis','Gutiérrez',5);

INSERT INTO `motivos` VALUES 
(1,'Mantenimiento de XO',2),
(2,'Verificación de inventario',2),
(3,'Capacitación docentes monitores técnicos.',2),
(4,'Capacitación alumnos monitores técnicos.',2),
(5,'Implementación de campañas de limpieza',2),
(7,'Devolución de XO reparadas o atendidas',2),
(8,'Retiro de equipos',2),
(9,'Revisión de conectividad',2),
(10,'Acompañamiento en aula y asesoría pedagógica.',3),
(11,'Desarrollar un taller de formación (director, docentes, padres de familia, estudiantes o voluntarios).',3),
(14,'Preparación y seguimiento de plan EA',3),
(15,'Recolectar información: formatos de rendimiento académico, fuerza laboral, formulario de inspección, historias de éxito o cualquier otra información que se requiera del centro.',1),
(19,'Reunión con autoridades de la zona',4),
(21,'Reunión con voluntarios',4),
(22,'Reunión con director y docentes',1),
(23,'Reunión con padres de familia',1),
(28,'Apoyo en gestiones de soporte técnico.',1),
(29,'Implementación y seguimiento de plan EA',2),
(30,'Actividades extracurriculares (PEC, club de genios, ferias, competencias de matemática, etc).',3),
(31,'Preparación de logística de entrega en escuela nueva',1),
(32,'Aplicación de instrumentos de linea de base o apoyo al área de monitoreo y evaluación.',1),
(33,'Reentrega/ Devolución de XO',1),
(34,'Entrega de XO',1),
(35,'Instalación',5),
(36,'Reparación',5),
(37,'Diagnóstico',5),
(38,'Reestructuración de red',5),
(39,'Instalación de servidores offline',5),
(40,'Reinstalación de equipos',5),
(41,'Retiro de equipos de conectividad',1),
(42,'Apoyo en gestiones del área educativa.',4),
(43,'Implementación y seguimiento de plan EA',4),
(44,'Recuperación de equipos robados',1),
(45,'Capacitación a padres/ madres de familia',2),
(46,'Recolecta de XO',1);

INSERT INTO `actividades` VALUES 
(1,'Taller de Información'),
(2,'Presentación del Programa Educativo'),
(3,'Reunión de Coordinación o Informativa');

INSERT INTO `audiencia` VALUES 
(1,'Facilitadores EpC'),
(2,'Visitantes Nacionales'),
(3,'Visitantes Extranjeros'),
(4,'Docentes'),
(5,'Directores'),
(6,'Padres de Familia'),
(7,'Estudiantes'),
(8,'Voluntarios'),
(9,'Personal LAFISE'),
(10,'Personal MINED');

INSERT INTO `contenidos` VALUES 
(1,'Generalidades del Programa Educativo UCPN y FZT'),
(2,'Contenidos del Módulo 1: Innovación Educativa'),
(3,'Contenidos del Módulo 2: Uso XO'),
(4,'Contenidos del Módulo 3: Entorno Gnome'),
(5,'Contenidos del Módulo 4: Estrategia de Integración con XO'),
(6,'Contenidos del Módulo 5: Lectoescritura o Método FAS '),
(7,'Contenidos del Módulo 6: Matemáticas'),
(8,'Contenidos del Módulo  7: Gestión Directiva'),
(9,'Contenidos de la Cartilla Escuela para Padres y Madres'),
(10,'Contenidos del Cuardeno de Niños Monitores'),
(11,'Contenido sobre Salud y Nutrición'),
(12,'Presentación del Modelo Educativo de Fundación Zamora Terán'),
(13,'Uso de Formatos para Control de Inventario, Recolecta y Entrega de XO en Plan EA'),
(14,'Aplicacion de Prueba Simplificada de Lectura Mini EGRA');

INSERT INTO `internacionales` VALUES 
(1,'Guatemala'),
(2,'Honduras'),
(3,'República Dominicana'),
(4,'México'),
(5,'Ecuador'),
(6,'Uruguay'),
(7,'España'),
(8,'Argentina'),
(9,'Costa Rica'),
(10,'El Salvador'),
(11,'Ruanda');

INSERT INTO `lugares` VALUES 
(1,'Escuela'),
(2,'Oficinas FZT'),
(3,'Instalaciones de LAFISE'),
(4,'Instalación de la Institución externa');

INSERT INTO `zonas_receptoras` VALUES 
(1,'Personal LAFISE'),
(2,'Visitantes Nacionales');
